"[0.39451714686732553, 0.15252046830352595, 0.11422961957088786, 0.3098812130918185, 0.15250674359247768, 0.11415961487904577, 0.0006415411705424017, -0.011661747125048513, -0.0537367482724209, 0.0006675182367323052, -0.011891932930372565]","[0.15252046830352595, 0.6460330837037855, -0.09665017458764709, 0.15239165348290137, 0.5612539115813344, -0.09669020278180329, -0.001911024391812651, -0.014270090544558208, -0.040350341356527764, -0.0026610418347738935, -0.013807994741312361]","[0.11422961957088786, -0.09665017458764709, 0.29460416715792737, 0.11449040513721369, -0.09666422820293093, 0.20977043790301048, -0.005954823073494471, -0.011526278994126962, -7.494258284000651e-05, -0.006366438682025457, -0.011749617710123048]","[0.3098812130918185, 0.15239165348290137, 0.11449040513721369, 0.39476760730263377, 0.15237787837374744, 0.11442013407473652, 0.0006344261768861464, -0.011675390905178518, -0.05376009758248375, 0.0006597905792322611, -0.011904257628909906]","[0.15250674359247768, 0.5612539115813344, -0.09666422820293093, 0.15237787837374744, 0.6459966630391103, -0.09670415495873312, -0.001908386987426625, -0.014263443212962966, -0.04043015348882854, -0.0026587221072170036, -0.013801247614704608]","[0.11415961487904577, -0.09669020278180329, 0.20977043790301048, 0.11442013407473652, -0.09670415495873312, 0.29445985212223214, -0.005951754366453224, -0.011429283766657397, -0.00011563559942609935, -0.006353266550016317, -0.011677056651034332]","[0.0006415411705424017, -0.001911024391812651, -0.005954823073494471, 0.0006344261768861464, -0.001908386987426625, -0.005951754366453224, 0.0967334321936711, 0.00033349256543356435, 0.0008513821065879339, 0.009274310025777756, 0.0026906599384127995]","[-0.011661747125048513, -0.014270090544558208, -0.011526278994126962, -0.011675390905178518, -0.014263443212962966, -0.011429283766657397, 0.00033349256543356435, 0.15446632753352102, 0.0023687562074006215, 0.003411150777796709, 0.059912676298604486]","[-0.0537367482724209, -0.040350341356527764, -7.494258284000651e-05, -0.05376009758248375, -0.04043015348882854, -0.00011563559942609935, 0.0008513821065879339, 0.0023687562074006215, 0.27487004405801957, 0.0005443046705106393, 0.0030138909606738846]","[0.0006675182367323052, -0.0026610418347738935, -0.006366438682025457, 0.0006597905792322611, -0.0026587221072170036, -0.006353266550016317, 0.009274310025777756, 0.003411150777796709, 0.0005443046705106393, 0.09652121234376561, 0.0011582815983588672]","[-0.011891932930372565, -0.013807994741312361, -0.011749617710123048, -0.011904257628909906, -0.013801247614704608, -0.011677056651034332, 0.0026906599384127995, 0.059912676298604486, 0.0030138909606738846, 0.0011582815983588672, 0.147800120096568]"
"[1.257151707863081, -0.24218655165495961, 0.39688138986862975, 1.253162208785513, -0.2419990636139723, 0.39627104167144633, 0.08115510193503198, 0.08549125543776713, -0.03821366987098104, 0.08072804075635291, 0.08351257264791068]","[-0.24218655165495961, 1.156993778720008, 0.0838675717798454, -0.24231441961748817, 1.153008833303114, 0.08399519884988149, -0.06735414052165722, -0.07478320391785305, 0.04299187906827268, -0.0674689759742793, -0.07432079070107984]","[0.39688138986862975, 0.0838675717798454, 0.7373798760588675, 0.3966452655201207, 0.08409490420556207, 0.7331219826077641, -0.04235905020557237, -0.07549708539969147, -0.003987302159583921, -0.04305074633538217, -0.07755129014266933]","[1.253162208785513, -0.24231441961748817, 0.3966452655201207, 1.2571361149470008, -0.24212694266371682, 0.39603509682793325, 0.08120117118003849, 0.08556450857773545, -0.03819061872252435, 0.08077455632072642, 0.08358746138690044]","[-0.2419990636139723, 1.153008833303114, 0.08409490420556207, -0.24212694266371682, 1.1569869964983517, 0.08422247258700576, -0.0673465463713082, -0.07478254296063658, 0.04301338292794542, -0.06746134829778577, -0.07432017567249322]","[0.39627104167144633, 0.08399519884988149, 0.7331219826077641, 0.39603509682793325, 0.08422247258700576, 0.7368311936428179, -0.04234417985662292, -0.07543428351960854, -0.003682916826775425, -0.043038547399522994, -0.07749274278538841]","[0.08115510193503198, -0.06735414052165722, -0.04235905020557237, 0.08120117118003849, -0.0673465463713082, -0.04234417985662292, 0.12464086426881281, 0.13227938968956446, -0.009546936810282207, 0.12141272498493341, 0.13289674893880093]","[0.08549125543776713, -0.07478320391785305, -0.07549708539969147, 0.08556450857773545, -0.07478254296063658, -0.07543428351960854, 0.13227938968956446, 0.18410585570147825, -0.00716783230363174, 0.13298278110973707, 0.18084960920313056]","[-0.03821366987098104, 0.04299187906827268, -0.003987302159583921, -0.03819061872252435, 0.04301338292794542, -0.003682916826775425, -0.009546936810282207, -0.00716783230363174, 0.1424188509753018, -0.009476380148620941, -0.00698275878013346]","[0.08072804075635291, -0.0674689759742793, -0.04305074633538217, 0.08077455632072642, -0.06746134829778577, -0.043038547399522994, 0.12141272498493341, 0.13298278110973707, -0.009476380148620941, 0.12694769198887274, 0.1353482252500282]","[0.08351257264791068, -0.07432079070107984, -0.07755129014266933, 0.08358746138690044, -0.07432017567249322, -0.07749274278538841, 0.13289674893880093, 0.18084960920313056, -0.00698275878013346, 0.1353482252500282, 0.18999667005423757]"
"[0.34797884661246214, 0.040672431473633676, 0.01999553087479731, 0.11887714559519325, 0.04066851565731586, 0.020049371461738998, 0.006332299887484082, -0.006220810852053229, 0.0648563496987495, 0.009276625262577212, -0.002676066720050205]","[0.040672431473633676, 0.6066649043447885, -0.11446626884480485, 0.04061244197914027, 0.377509185418898, -0.11493066264212247, 0.14080425716318037, -0.03842191986122469, -0.15053733387135518, 0.13634164748817118, -0.045161375193391834]","[0.01999553087479731, -0.11446626884480485, 0.5285811240138809, 0.02015089764312981, -0.11432516150027403, 0.299699626473505, -0.11798624921130178, -0.0061327842912712385, 0.20074505763860503, -0.11055286888016663, 0.006556252830591134]","[0.11887714559519325, 0.04061244197914027, 0.02015089764312981, 0.34797966426070354, 0.040608600355662786, 0.020205507461221003, 0.0062368385421434636, -0.006227462555176773, 0.06498181307063808, 0.009183432372300614, -0.0026896775129433025]","[0.04066851565731586, 0.377509185418898, -0.11432516150027403, 0.040608600355662786, 0.6065575788227915, -0.11478953331809902, 0.1407083212015676, -0.03844418924751678, -0.15051995040978572, 0.13624871634661312, -0.04517853244003485]","[0.020049371461738998, -0.11493066264212247, 0.299699626473505, 0.020205507461221003, -0.11478953331809902, 0.5292568120334161, -0.11802114644898787, -0.005708096214953109, 0.20156937714302897, -0.11061766190118709, 0.006857519260027485]","[0.006332299887484082, 0.14080425716318037, -0.11798624921130178, 0.0062368385421434636, 0.1407083212015676, -0.11802114644898787, 0.7499683638282093, 0.2377854050538783, -0.05773579614407, 0.4597836282976876, 0.20758227565848425]","[-0.006220810852053229, -0.03842191986122469, -0.0061327842912712385, -0.006227462555176773, -0.03844418924751678, -0.005708096214953109, 0.2377854050538783, 0.5925125507102331, 0.08102110850488013, 0.21114795476888737, 0.2915288504327221]","[0.0648563496987495, -0.15053733387135518, 0.20074505763860503, 0.06498181307063808, -0.15051995040978572, 0.20156937714302897, -0.05773579614407, 0.08102110850488013, 0.7899697471909779, -0.0548820705329079, 0.07701938144713319]","[0.009276625262577212, 0.13634164748817118, -0.11055286888016663, 0.009183432372300614, 0.13624871634661312, -0.11061766190118709, 0.4597836282976876, 0.21114795476888737, -0.0548820705329079, 0.7349445282905165, 0.23270993090603495]","[-0.002676066720050205, -0.045161375193391834, 0.006556252830591134, -0.0026896775129433025, -0.04517853244003485, 0.006857519260027485, 0.20758227565848425, 0.2915288504327221, 0.07701938144713319, 0.23270993090603495, 0.5748574515827183]"
"[0.6495232979197282, 0.010884661346023821, 0.25537374016023795, 0.5242792349431015, 0.010990980066459832, 0.25534311602363785, -0.17907305168483564, 0.008212616915373607, 0.016867730158265308, -0.1814927590359537, 0.007578623008477707]","[0.010884661346023821, 0.9288599226926576, 0.3221144494712974, 0.010896991594826688, 0.8036994388339471, 0.32200301323585934, 0.2124948919046339, -0.029699154056551734, -0.021432249643713763, 0.21376472160509746, -0.02990968413572848]","[0.25537374016023795, 0.3221144494712974, 0.7374118025403945, 0.255395761945119, 0.3223837543313353, 0.6119713063293754, -0.0992816415537693, -0.014571572914145237, 0.005366148128419643, -0.10073877472304238, -0.015459670722712962]","[0.5242792349431015, 0.010896991594826688, 0.255395761945119, 0.6495952564141235, 0.011003316516023452, 0.2553651326672488, -0.1790730265527401, 0.008218069997337566, 0.016914218904867665, -0.18149314275845257, 0.007583758558575872]","[0.010990980066459832, 0.8036994388339471, 0.3223837543313353, 0.011003316516023452, 0.9290989822384313, 0.3222722252424796, 0.21244342502622232, -0.02970636226053219, -0.02142998602895123, 0.2137127055352024, -0.029917263971215555]","[0.25534311602363785, 0.32200301323585934, 0.6119713063293754, 0.2553651326672488, 0.3222722252424796, 0.7370917956772532, -0.09925244854525175, -0.014439770418994692, 0.0053734834133326035, -0.10071005034077732, -0.015329757572018978]","[-0.17907305168483564, 0.2124948919046339, -0.0992816415537693, -0.1790730265527401, 0.21244342502622232, -0.09925244854525175, 0.8124493528989021, 0.00224008390000899, -0.03231830899041368, 0.6879357312398142, 0.0017044874996833912]","[0.008212616915373607, -0.029699154056551734, -0.014571572914145237, 0.008218069997337566, -0.02970636226053219, -0.014439770418994692, 0.00224008390000899, 0.20755627987514388, 0.0011239919983036073, 0.0012697861317528245, 0.08113762843035127]","[0.016867730158265308, -0.021432249643713763, 0.005366148128419643, 0.016914218904867665, -0.02142998602895123, 0.0053734834133326035, -0.03231830899041368, 0.0011239919983036073, 0.25294332594357294, -0.0323549927097918, 0.0014557176227716852]","[-0.1814927590359537, 0.21376472160509746, -0.10073877472304238, -0.18149314275845257, 0.2137127055352024, -0.10071005034077732, 0.6879357312398142, 0.0012697861317528245, -0.0323549927097918, 0.8182753118813197, 0.0014657372678001362]","[0.007578623008477707, -0.02990968413572848, -0.015459670722712962, 0.007583758558575872, -0.029917263971215555, -0.015329757572018978, 0.0017044874996833912, 0.08113762843035127, 0.0014557176227716852, 0.0014657372678001362, 0.2065543711455063]"
"[1.0053055531313513, 0.2763496844826607, -0.12259261120735279, 0.5897423655559284, 0.27624529127353276, -0.12250092340944387, -0.6092036976614625, 0.015825869935976615, -0.1199132148759544, -0.6165726477782285, 0.007577261462705554]","[0.2763496844826607, 0.9329442158498911, -0.1038388648675654, 0.2764016314983003, 0.5171254461533238, -0.10378649285559058, -0.43670287972921823, 0.006309739856600151, -0.03321847629731021, -0.4403119902140336, 0.00490901461690752]","[-0.12259261120735279, -0.1038388648675654, 0.6403275349743687, -0.12284714586939743, -0.10381770503041567, 0.22459199031092902, 0.1406855578289906, 0.009883638284288926, 0.08045222838654761, 0.14824577633578853, 0.018509587122878396]","[0.5897423655559284, 0.2764016314983003, -0.12284714586939743, 1.0055855324735474, 0.2762972822014042, -0.12275532325365279, -0.6093460507857534, 0.015827089022660546, -0.12007050495553136, -0.6167292252186491, 0.00756395916156199]","[0.27624529127353276, 0.5171254461533238, -0.10381770503041567, 0.2762972822014042, 0.9327125323880001, -0.10376534541964813, -0.43652701928516324, 0.0063017447642738375, -0.03313122645486682, -0.4401361702186776, 0.004900520868017229]","[-0.12250092340944387, -0.10378649285559058, 0.22459199031092902, -0.12275532325365279, -0.10376534541964813, 0.6402631422921603, 0.1405805372612114, 0.009979371883414889, 0.08041570649108111, 0.14806326209376533, 0.01858103605815416]","[-0.6092036976614625, -0.43670287972921823, 0.1406855578289906, -0.6093460507857534, -0.43652701928516324, 0.1405805372612114, 1.4965268921125108, -0.03563994512013912, 0.12157793450285743, 1.0294237083408642, -0.027769974505313145]","[0.015825869935976615, 0.006309739856600151, 0.009883638284288926, 0.015827089022660546, 0.0063017447642738375, 0.009979371883414889, -0.03563994512013912, 0.47798480524724024, -0.001506379475117913, -0.04994275370172144, 0.04979739432940176]","[-0.1199132148759544, -0.03321847629731021, 0.08045222838654761, -0.12007050495553136, -0.03313122645486682, 0.08041570649108111, 0.12157793450285743, -0.001506379475117913, 0.6849544495943204, 0.13786640735683922, 0.003691416453813871]","[-0.6165726477782285, -0.4403119902140336, 0.14824577633578853, -0.6167292252186491, -0.4401361702186776, 0.14806326209376533, 1.0294237083408642, -0.04994275370172144, 0.13786640735683922, 1.5560407933066958, -0.030312331864223396]","[0.007577261462705554, 0.00490901461690752, 0.018509587122878396, 0.00756395916156199, 0.004900520868017229, 0.01858103605815416, -0.027769974505313145, 0.04979739432940176, 0.003691416453813871, -0.030312331864223396, 0.4820365932694331]"
"[0.4992245595482928, 0.05196580191085462, -0.04403143621464753, 0.17969490911425068, 0.05199742033126945, -0.04402121973570174, -0.03112032389518178, 0.0005530625907716867, -0.011643065165415816, -0.030491852795921485, -0.0015410451970999867]","[0.05196580191085462, 0.7752981979148857, -0.09264661639537922, 0.05185814416008858, 0.4558189082975962, -0.09259968906743427, -0.04891236409824673, 0.014235302182611242, 0.0008383080007328056, -0.047324469768948274, 0.01101232679773677]","[-0.04403143621464753, -0.09264661639537922, 0.4975620993710139, -0.04383426955244152, -0.09264639411695655, 0.17802288657988963, -0.009345828210179288, 1.443519620034223e-05, 0.006940882648859834, -0.005470785719771844, -0.0015739025056793414]","[0.17969490911425068, 0.05185814416008858, -0.04383426955244152, 0.4991246399240991, 0.05188976679359879, -0.043824242624882326, -0.031148587296640048, 0.0005513955479288856, -0.011669018379266906, -0.030518572445968114, -0.0015422025231238696]","[0.05199742033126945, 0.4558189082975962, -0.09264639411695655, 0.05188976679359879, 0.7752987101176829, -0.0925994483603364, -0.04893758009339713, 0.014237481221799192, 0.0007780220112166247, -0.047351604305690125, 0.011012186981826181]","[-0.04402121973570174, -0.09259968906743427, 0.17802288657988963, -0.043824242624882326, -0.0925994483603364, 0.49744420102499376, -0.009321874341442968, 0.00015548825367532845, 0.006933442137766952, -0.005452425518351039, -0.0014531411406347357]","[-0.03112032389518178, -0.04891236409824673, -0.009345828210179288, -0.031148587296640048, -0.04893758009339713, -0.009321874341442968, 0.5605654541391806, -0.002093864804395016, 0.004747990850021923, 0.19693101003666752, 0.0013672123087929652]","[0.0005530625907716867, 0.014235302182611242, 1.443519620034223e-05, 0.0005513955479288856, 0.014237481221799192, 0.00015548825367532845, -0.002093864804395016, 0.42251597051128753, -0.0008244918124556798, 0.0006250871817383135, 0.08964793217348985]","[-0.011643065165415816, 0.0008383080007328056, 0.006940882648859834, -0.011669018379266906, 0.0007780220112166247, 0.006933442137766952, 0.004747990850021923, -0.0008244918124556798, 0.4373450632449948, 0.00943791413079206, -0.00017049216182055344]","[-0.030491852795921485, -0.047324469768948274, -0.005470785719771844, -0.030518572445968114, -0.047351604305690125, -0.005452425518351039, 0.19693101003666752, 0.0006250871817383135, 0.00943791413079206, 0.5742591470094391, 0.0036064711099719204]","[-0.0015410451970999867, 0.01101232679773677, -0.0015739025056793414, -0.0015422025231238696, 0.011012186981826181, -0.0014531411406347357, 0.0013672123087929652, 0.08964793217348985, -0.00017049216182055344, 0.0036064711099719204, 0.42368879358065953]"
"[1.3812280777816777, 0.18827057422074842, -0.19231410779038266, 0.9147004526586485, 0.18817234693907256, -0.19258938237066864, 0.056763482812526043, -0.12125985579949265, -0.02632945002186567, 0.055768628427724294, -0.12512784701749613]","[0.18827057422074842, 1.4647303767058466, -0.17879740346842105, 0.18841491586197653, 0.9980744710272687, -0.17804296353729493, 0.023144171705635735, -0.03918748690034361, 0.015573154724069529, 0.025606840380303936, -0.04348334074688956]","[-0.19231410779038266, -0.17879740346842105, 1.5009369722920032, -0.19233849691971636, -0.1784352286058583, 1.0299469895686626, -0.027335140012271747, 0.04119356932973455, 0.02213384941943742, -0.027145748043025716, 0.043883675544272596]","[0.9147004526586485, 0.18841491586197653, -0.19233849691971636, 1.3813477017843456, 0.188316685918002, -0.192615471311358, 0.05678528858527793, -0.12131351297700192, -0.02632237148147865, 0.05579295854325014, -0.1251881974515271]","[0.18817234693907256, 0.9980744710272687, -0.1784352286058583, 0.188316685918002, 1.4645931973353732, -0.17768125848187025, 0.023123846348207654, -0.03914107834827656, 0.015596629135107079, 0.025586594118294313, -0.04343752763387705]","[-0.19258938237066864, -0.17804296353729493, 1.0299469895686626, -0.192615471311358, -0.17768125848187025, 1.4988206806274433, -0.026780102099524698, 0.04044606523144411, 0.022632089752733387, -0.026569036302349, 0.04307486172053213]","[0.056763482812526043, 0.023144171705635735, -0.027335140012271747, 0.05678528858527793, 0.023123846348207654, -0.026780102099524698, 0.6597033805328728, -0.3696812662858015, 0.007577085424123921, 0.18488848558099422, -0.3610630139679036]","[-0.12125985579949265, -0.03918748690034361, 0.04119356932973455, -0.12131351297700192, -0.03914107834827656, 0.04044606523144411, -0.3696812662858015, 1.3700736364330612, -0.012152434233588846, -0.3607297302216445, 0.871599387831634]","[-0.02632945002186567, 0.015573154724069529, 0.02213384941943742, -0.02632237148147865, 0.015596629135107079, 0.022632089752733387, 0.007577085424123921, -0.012152434233588846, 0.6131328043613332, 0.007890821938523723, -0.010489765766981133]","[0.055768628427724294, 0.025606840380303936, -0.027145748043025716, 0.05579295854325014, 0.025586594118294313, -0.026569036302349, 0.18488848558099422, -0.3607297302216445, 0.007890821938523723, 0.6607639743655377, -0.371366480287214]","[-0.12512784701749613, -0.04348334074688956, 0.043883675544272596, -0.1251881974515271, -0.04343752763387705, 0.04307486172053213, -0.3610630139679036, 0.871599387831634, -0.010489765766981133, -0.371366480287214, 1.3780084063112144]"
"[1.1440663653805068, 0.3076063062892115, 0.2491991554241367, 0.8031801499478729, 0.3076702363523412, 0.24930129530172018, 0.6536473256510249, -0.11101521490079339, -0.010411555405786832, -0.16690014427454752, -0.14007362096592402]","[0.3076063062892115, 0.8811908514944807, 0.07600721687205036, 0.30765323955410484, 0.5402847234943631, 0.07559230598364075, 0.5233377346426932, -0.23860907591977928, -0.01479322521088651, -0.12648702351852034, -0.1083839973471008]","[0.2491991554241367, 0.07600721687205036, 0.5797309393689807, 0.2492909621167127, 0.07607777052753924, 0.2388283597723469, 0.3283231254203494, 0.01661399288148114, -0.02246612539978585, -0.0595149726140805, -0.09276694212882604]","[0.8031801499478729, 0.30765323955410484, 0.2492909621167127, 1.1441338449219651, 0.3077171911709771, 0.24939304070175816, 0.6537420565957717, -0.11106486367354201, -0.010413766709973888, -0.16690205949624762, -0.14011473456914716]","[0.3076702363523412, 0.5402847234943631, 0.07607777052753924, 0.3077171911709771, 0.8812184750316823, 0.07566290811896412, 0.5233629768223604, -0.23857046234691576, -0.014795158500556767, -0.1264933759998255, -0.10836513780601238]","[0.24930129530172018, 0.07559230598364075, 0.2388283597723469, 0.24939304070175816, 0.07566290811896412, 0.5797686932191779, 0.32804575205850545, 0.01777360970162696, -0.02236578647377062, -0.059407649979052096, -0.09325973374164118]","[0.6536473256510249, 0.5233377346426932, 0.3283231254203494, 0.6537420565957717, 0.5233629768223604, 0.32804575205850545, 2.1698632889761935, 0.027126319256754183, -0.16683859356343952, -0.2779772911168988, -0.6991283476729642]","[-0.11101521490079339, -0.23860907591977928, 0.01661399288148114, -0.11106486367354201, -0.23857046234691576, 0.01777360970162696, 0.027126319256754183, 1.1743467416732258, -0.020836646479595995, 0.030148070935249634, -0.2572067918507932]","[-0.010411555405786832, -0.01479322521088651, -0.02246612539978585, -0.010413766709973888, -0.014795158500556767, -0.02236578647377062, -0.16683859356343952, -0.020836646479595995, 0.42896662431143295, 0.019535970258528285, 0.11458310795515016]","[-0.16690014427454752, -0.12648702351852034, -0.0595149726140805, -0.16690205949624762, -0.1264933759998255, -0.059407649979052096, -0.2779772911168988, 0.030148070935249634, 0.019535970258528285, 0.4953234308708961, 0.056499131786527906]","[-0.14007362096592402, -0.1083839973471008, -0.09276694212882604, -0.14011473456914716, -0.10836513780601238, -0.09325973374164118, -0.6991283476729642, -0.2572067918507932, 0.11458310795515016, 0.056499131786527906, 1.2201904617567472]"
"[1.4248529999424113, 0.6863044291921702, 0.16960629050699771, 1.1076192808040775, 0.6863424214959152, -0.02434434697749194, 0.03172936574370609, -0.025410038500125937, 0.2885545796078545, 0.5970078424309624, 0.09690485860034677]","[0.6863044291921702, 0.9465778591283855, 0.05148628586229156, 0.6866814876655774, 0.6288690707619023, 0.26429435581410354, 0.02563734311566775, -0.022505437068087587, 0.3390450954169099, 0.6087530123146112, -0.19033414540176638]","[0.16960629050699771, 0.05148628586229156, 0.49672096458736803, 0.16993358051016969, 0.05144466204450249, -0.1614805740956293, 0.005112550967027131, -0.007059852084373771, 0.16908072772617375, -0.06977803035201044, 0.2209462283035815]","[1.1076192808040775, 0.6866814876655774, 0.16993358051016969, 1.425914907647467, 0.6867194287910582, -0.024413533454019924, 0.03174838037967916, -0.025425298656795357, 0.2892554155660824, 0.5971770969502033, 0.09717327721006214]","[0.6863424214959152, 0.6288690707619023, 0.05144466204450249, 0.6867194287910582, 0.9466887103001898, 0.2643734475600305, 0.025641896686427447, -0.02250292097610618, 0.33895180254563967, 0.6088500116697082, -0.19042139454867021]","[-0.02434434697749194, 0.26429435581410354, -0.1614805740956293, -0.024413533454019924, 0.2643734475600305, 0.8197331670938692, 0.01829178025634973, -0.02139717104544409, 0.15538099720258336, 0.39137884565419057, -0.4403278690511177]","[0.03172936574370609, 0.02563734311566775, 0.005112550967027131, 0.03174838037967916, 0.025641896686427447, 0.01829178025634973, 0.3349546963579171, -0.02527792631304548, 0.013296968213825403, 0.02199272049057543, 0.0046644129182726955]","[-0.025410038500125937, -0.022505437068087587, -0.007059852084373771, -0.025425298656795357, -0.02250292097610618, -0.02139717104544409, -0.02527792631304548, 0.36022105405617855, -0.01938961249720735, -0.017084208327294386, -0.007652814698470058]","[0.2885545796078545, 0.3390450954169099, 0.16908072772617375, 0.2892554155660824, 0.33895180254563967, 0.15538099720258336, 0.013296968213825403, -0.01938961249720735, 1.034617127948999, 0.22094898222214907, 0.02954968162381631]","[0.5970078424309624, 0.6087530123146112, -0.06977803035201044, 0.5971770969502033, 0.6088500116697082, 0.39137884565419057, 0.02199272049057543, -0.017084208327294386, 0.22094898222214907, 1.0442574450388522, -0.4024865445847627]","[0.09690485860034677, -0.19033414540176638, 0.2209462283035815, 0.09717327721006214, -0.19042139454867021, -0.4403278690511177, 0.0046644129182726955, -0.007652814698470058, 0.02954968162381631, -0.4024865445847627, 0.8972064671356748]"
"[0.7977987076574806, 0.0378358516275484, 0.15002484746613493, 0.5727201320578008, 0.04814240999568208, 0.22694524104582375, 0.8945683019282071, 0.7832317962210777, 15.771898303422242, 0.897376874106939, 0.7846346871418123]","[0.0378358516275484, 1.4255806544590355, -0.6281304943931095, 0.061246553317662544, 1.2100923873819738, -0.5789726739053044, -0.4106651980346803, 0.4970798416153783, -5.923142967322871, -0.41185843801404803, 0.4971538280519435]","[0.15002484746613493, -0.6281304943931095, 0.5993741054388456, 0.136525065437877, -0.6282511128247904, 0.374553691427112, 0.4824537237523811, -0.03244160208355092, 7.803629407675495, 0.48391025507683927, -0.032047576803851556]","[0.5727201320578008, 0.061246553317662544, 0.136525065437877, 0.7910339175348964, 0.07159259262126418, 0.21383131679109135, 0.8797179775417847, 0.787090893197316, 15.536224158332878, 0.8824808513518986, 0.788485135145039]","[0.04814240999568208, 1.2100923873819738, -0.6282511128247904, 0.07159259262126418, 1.4377161670457488, -0.5775194542062541, -0.39668651671076055, 0.5130892810122111, -5.6707970639738825, -0.39783354213330463, 0.513186179619331]","[0.22694524104582375, -0.5789726739053044, 0.374553691427112, 0.21383131679109135, -0.5775194542062541, 0.6045520293644125, 0.5849504803911107, 0.08875131873222308, 9.658971211266795, 0.5867416018078485, 0.0893142427213453]","[0.8945683019282071, -0.4106651980346803, 0.4824537237523811, 0.8797179775417847, -0.39668651671076055, 0.5849504803911107, 1.7987312825333792, 1.0452582549992737, 27.25732563731161, 1.5800955446761245, 1.0473925186922506]","[0.7832317962210777, 0.4970798416153783, -0.03244160208355092, 0.787090893197316, 0.5130892810122111, 0.08875131873222308, 1.0452582549992737, 1.4545230568708305, 18.908458919469076, 1.0481246838878793, 1.2345200365930495]","[15.771898303422242, -5.923142967322871, 7.803629407675495, 15.536224158332878, -5.6707970639738825, 9.658971211266795, 27.25732563731161, 18.908458919469076, 474.034524611307, 27.34585349662973, 18.946496292909128]","[0.897376874106939, -0.41185843801404803, 0.48391025507683927, 0.8824808513518986, -0.39783354213330463, 0.5867416018078485, 1.5800955446761245, 1.0481246838878793, 27.34585349662973, 1.8092850317601368, 1.0498973666617641]","[0.7846346871418123, 0.4971538280519435, -0.032047576803851556, 0.788485135145039, 0.513186179619331, 0.0893142427213453, 1.0473925186922506, 1.2345200365930495, 18.946496292909128, 1.0498973666617641, 1.4580428302162471]"
"[1.128091621241124, 0.29361078721542067, -0.2749386277920302, 0.8710793731863447, 0.2933717751739763, -0.2741201304818905, 0.013965768642032632, 0.0033514207578823536, 0.1266484542527513, 0.013871306559016066, -0.013147084426711957]","[0.29361078721542067, 0.8712858098396181, -0.08914386426987658, 0.29367963056902446, 0.6144639513108697, -0.08933137681842662, 0.0159562191442877, 0.003450609405438827, -0.05473114694786604, 0.00538516322349426, -0.0057123830108081015]","[-0.2749386277920302, -0.08914386426987658, 0.9399840141986733, -0.27482429026865085, -0.08870668776367875, 0.6825124223032427, -0.013712281995474779, -0.01416318187280546, -0.05566450243956012, 0.00438406171228152, -0.0029525102900377887]","[0.8710793731863447, 0.29367963056902446, -0.27482429026865085, 1.1277474072281461, 0.29344079656252625, -0.2740053928883141, 0.0138600705722249, 0.003375177913333486, 0.12676763525198587, 0.013882448616171555, -0.013161055950632806]","[0.2933717751739763, 0.6144639513108697, -0.08870668776367875, 0.29344079656252625, 0.8713213951846797, -0.0888946921467018, 0.01594172330614248, 0.00343477277313349, -0.05477348667730427, 0.005384993019609718, -0.005710097748283511]","[-0.2741201304818905, -0.08933137681842662, 0.6825124223032427, -0.2740053928883141, -0.0888946921467018, 0.9387286081590653, -0.013795762969281433, -0.01411305432639896, -0.05552936757933051, 0.004397272725873346, -0.0029709153021999966]","[0.013965768642032632, 0.0159562191442877, -0.013712281995474779, 0.0138600705722249, 0.01594172330614248, -0.013795762969281433, 0.27250950607000135, -0.012392022421956146, -0.019845521140889888, -0.0030757041384637065, 0.0043725911515862925]","[0.0033514207578823536, 0.003450609405438827, -0.01416318187280546, 0.003375177913333486, 0.00343477277313349, -0.01411305432639896, -0.012392022421956146, 0.29686723368429696, 0.007046082107210956, 0.012985709417476468, -0.017700042013340824]","[0.1266484542527513, -0.05473114694786604, -0.05566450243956012, 0.12676763525198587, -0.05477348667730427, -0.05552936757933051, -0.019845521140889888, 0.007046082107210956, 0.43666023522027586, 0.007358569812657403, -0.007831820470547132]","[0.013871306559016066, 0.00538516322349426, 0.00438406171228152, 0.013882448616171555, 0.005384993019609718, 0.004397272725873346, -0.0030757041384637065, 0.012985709417476468, 0.007358569812657403, 0.2650480846284182, -0.010929915001151216]","[-0.013147084426711957, -0.0057123830108081015, -0.0029525102900377887, -0.013161055950632806, -0.005710097748283511, -0.0029709153021999966, 0.0043725911515862925, -0.017700042013340824, -0.007831820470547132, -0.010929915001151216, 0.27328272684444554]"
"[0.8907296183320947, -0.2742086934064772, -0.009585614128027003, 0.7064167338085005, -0.27425072192366073, -0.009446544364556619, 0.11284332856885983, 0.0015066462186901042, -0.009392681003939952, 0.12315469852182698, 0.11515565469233784]","[-0.2742086934064772, 1.1614384256577044, -0.25850769983527694, -0.27448338746863715, 0.9770927586990246, -0.25778854211760494, -0.018441783920114117, 0.014598149150449165, 0.11239714730744334, 0.08139320592481236, 0.33122956758391614]","[-0.009585614128027003, -0.25850769983527694, 1.2653453514625466, -0.009147142516960388, -0.25808939482829046, 1.0791297029179359, 0.13042144655843577, 0.011885784986557197, -0.208128455163174, -0.04622862399558234, -0.1912135745310997]","[0.7064167338085005, -0.27448338746863715, -0.009147142516960388, 0.8907163379233847, -0.2745250856018993, -0.009009703420479066, 0.11289241674470628, 0.001505328163856643, -0.009963876096985845, 0.12301367555516042, 0.11482801641761795]","[-0.27425072192366073, 0.9770927586990246, -0.25808939482829046, -0.2745250856018993, 1.1613586893834018, -0.2573711310444496, -0.018404082507489348, 0.014600081306981875, 0.11212493880496269, 0.08138664591428806, 0.3311654359751192]","[-0.009446544364556619, -0.25778854211760494, 1.0791297029179359, -0.009009703420479066, -0.2573711310444496, 1.2615349022667175, 0.130180969462343, 0.011985517825755784, -0.2073266785453902, -0.045516168175718776, -0.1894501078304649]","[0.11284332856885983, -0.018441783920114117, 0.13042144655843577, 0.11289241674470628, -0.018404082507489348, 0.130180969462343, 0.3386762101798524, -0.0052704318666241924, -0.05462698523435094, 0.08591654424374762, 0.19906447897480295]","[0.0015066462186901042, 0.014598149150449165, 0.011885784986557197, 0.001505328163856643, 0.014600081306981875, 0.011985517825755784, -0.0052704318666241924, 0.22602923714895917, 0.0037223035792624576, -0.004639210504569479, -0.01590511072988156]","[-0.009392681003939952, 0.11239714730744334, -0.208128455163174, -0.009963876096985845, 0.11212493880496269, -0.2073266785453902, -0.05462698523435094, 0.0037223035792624576, 0.6925372658090234, 0.024440545077370295, 0.04936361373000569]","[0.12315469852182698, 0.08139320592481236, -0.04622862399558234, 0.12301367555516042, 0.08138664591428806, -0.045516168175718776, 0.08591654424374762, -0.004639210504569479, 0.024440545077370295, 0.3875541625430057, 0.3408400801011994]","[0.11515565469233784, 0.33122956758391614, -0.1912135745310997, 0.11482801641761795, 0.3311654359751192, -0.1894501078304649, 0.19906447897480295, -0.01590511072988156, 0.04936361373000569, 0.3408400801011994, 1.1830118353767882]"
"[1.3392505004100757, 0.07009140071428391, 0.0851935349793812, 1.2217871077881617, 0.0701041652287933, 0.0852439943302661, 0.010297460197936455, 0.008245033136145436, -0.03565543866937771, 0.007968549597537237, 0.004139023949325347]","[0.07009140071428391, 1.1568845362454485, -0.3006500647720422, 0.07007640058928852, 1.0392794037244724, -0.3005903747163026, -0.009819578633826096, 0.0030823061145048344, 0.001020980168583111, -0.008516443003786782, 0.007070790536465147]","[0.0851935349793812, -0.3006500647720422, 1.1925497793902045, 0.08516582495347347, -0.30026669079933704, 1.0747998793660223, 0.0028828682937468123, -0.008016082292972538, 0.01068444191070676, 0.0028386740600832923, -0.010016534259791298]","[1.2217871077881617, 0.07007640058928852, 0.08516582495347347, 1.3393219519243935, 0.07008917809861002, 0.08521632969336618, 0.010293098887746238, 0.008244219958719103, -0.035652844473600134, 0.007964344936046476, 0.004136417550971202]","[0.0701041652287933, 1.0392794037244724, -0.30026669079933704, 0.07008917809861002, 1.1566721994604314, -0.3002070876453672, -0.0098167745899536, 0.003079650946492982, 0.0010367707118272547, -0.008513690672479592, 0.007066598544339001]","[0.0852439943302661, -0.3005903747163026, 1.0747998793660223, 0.08521632969336618, -0.3002070876453672, 1.1920491049816886, 0.002889844689425858, -0.007929443342289979, 0.010665055494785962, 0.002834268586959596, -0.009965532385403741]","[0.010297460197936455, -0.009819578633826096, 0.0028828682937468123, 0.010293098887746238, -0.0098167745899536, 0.002889844689425858, 0.14328165384482747, 0.004047246162353887, -0.0007949455365637055, 0.01951885039133623, -0.0009460074357497388]","[0.008245033136145436, 0.0030823061145048344, -0.008016082292972538, 0.008244219958719103, 0.003079650946492982, -0.007929443342289979, 0.004047246162353887, 0.1747947526269722, -0.0013495408326902325, -0.00241925968102965, 0.03625632639039977]","[-0.03565543866937771, 0.001020980168583111, 0.01068444191070676, -0.035652844473600134, 0.0010367707118272547, 0.010665055494785962, -0.0007949455365637055, -0.0013495408326902325, 0.23327858834354553, -0.0006635433189767258, -0.0009154494106132918]","[0.007968549597537237, -0.008516443003786782, 0.0028386740600832923, 0.007964344936046476, -0.008513690672479592, 0.002834268586959596, 0.01951885039133623, -0.00241925968102965, -0.0006635433189767258, 0.14084368937593486, 0.001908120913602585]","[0.004139023949325347, 0.007070790536465147, -0.010016534259791298, 0.004136417550971202, 0.007066598544339001, -0.009965532385403741, -0.0009460074357497388, 0.03625632639039977, -0.0009154494106132918, 0.001908120913602585, 0.166789793609095]"
"[0.3657921351308716, -0.22929239982842511, -0.16956521498377, 0.196312093675642, -0.22929330593033503, -0.169329728383666, 0.0001805976449891954, 0.09280658058242063, 0.024720637693742196, 0.00013897407500540978, 0.09653714052759652]","[-0.22929239982842511, 0.8320325991684121, 0.13523954261082227, -0.22928086874910286, 0.662573853734244, 0.13482012214577382, -0.0012202040191706188, -0.16865018549547706, -0.0618199272781894, -0.001206952132190664, -0.17729816204872823]","[-0.16956521498377, 0.13523954261082227, 0.6631529177366612, -0.16955680923810296, 0.13525162233622215, 0.4937395132349741, 2.107360134018568e-05, 0.030364644297922922, -0.009964550891950011, -1.3285018533407577e-05, 0.032141514504583524]","[0.196312093675642, -0.22928086874910286, -0.16955680923810296, 0.3657591040155328, -0.22928177013236334, -0.16932133041972156, 0.00018093272340630962, 0.09280324209663829, 0.02472414296448416, 0.00013932781337531612, 0.09653784887085735]","[-0.22929330593033503, 0.662573853734244, 0.13525162233622215, -0.22928177013236334, 0.8320421028054181, 0.13483211492231312, -0.0012202206098337542, -0.16868463736590666, -0.06181397432082007, -0.0012070132372930839, -0.17733662022875227]","[-0.169329728383666, 0.13482012214577382, 0.4937395132349741, -0.16932133041972156, 0.13483211492231312, 0.6632631423378272, 2.1246208474894943e-05, 0.03325134773399154, -0.010119915265579019, -1.3107708295966504e-05, 0.035052616697270576]","[0.0001805976449891954, -0.0012202040191706188, 2.107360134018568e-05, 0.00018093272340630962, -0.0012202206098337542, 2.1246208474894943e-05, 0.16996519898292656, 0.0003941210248102106, -1.909978060665094e-05, 0.0004480638586548072, 0.00039511489608869273]","[0.09280658058242063, -0.16865018549547706, 0.030364644297922922, 0.09280324209663829, -0.16868463736590666, 0.03325134773399154, 0.0003941210248102106, 3.0897343682233416, -0.05705561297967522, 0.0003894501035117233, 2.9001911452966516]","[0.024720637693742196, -0.0618199272781894, -0.009964550891950011, 0.02472414296448416, -0.06181397432082007, -0.010119915265579019, -1.909978060665094e-05, -0.05705561297967522, 0.3718256709132301, -4.283365900526101e-05, -0.06833492755217647]","[0.00013897407500540978, -0.001206952132190664, -1.3285018533407577e-05, 0.00013932781337531612, -0.0012070132372930839, -1.3107708295966504e-05, 0.0004480638586548072, 0.0003894501035117233, -4.283365900526101e-05, 0.17006621976724043, 0.00040154709627608935]","[0.09653714052759652, -0.17729816204872823, 0.032141514504583524, 0.09653784887085735, -0.17733662022875227, 0.035052616697270576, 0.00039511489608869273, 2.9001911452966516, -0.06833492755217647, 0.00040154709627608935, 3.109986324184061]"
"[0.7307580129696585, 0.038593950929938774, -0.0846096266477717, 0.3045797443911029, 0.038642946922166826, -0.07776641802781573, -0.0330687512974091, -0.06956857261070608, -0.04334255331696837, -0.03659620682920741, -0.07718424271881252]","[0.038593950929938774, 0.7466264347104465, -0.08130053846579913, 0.038498479040378245, 0.32052756926965886, -0.08356499669383181, 0.0412116601892734, 0.11128096499405596, 0.01713579417913638, 0.04047371026966176, 0.10805084106810502]","[-0.0846096266477717, -0.08130053846579913, 0.637856450346759, -0.08441765690776727, -0.08130954385169198, 0.19539009659297688, -0.056586716996370655, -0.09911727421240894, 0.006238374867197694, -0.05637361643256087, -0.09707305117991692]","[0.3045797443911029, 0.038498479040378245, -0.08441765690776727, 0.730620096920106, 0.03854746582715721, -0.07755477154763644, -0.03314784002713044, -0.06969827126780274, -0.043398012630968236, -0.03667332778049213, -0.07730622646705693]","[0.038642946922166826, 0.32052756926965886, -0.08130954385169198, 0.03854746582715721, 0.7466470352857209, -0.08357912597023089, 0.041220694504503566, 0.11130798224503456, 0.01706153991231023, 0.0404808351957169, 0.1080720473698243]","[-0.07776641802781573, -0.08356499669383181, 0.19539009659297688, -0.07755477154763644, -0.08357912597023089, 0.6267794975704447, -0.06102333172926341, -0.10812306932447201, -0.0046736755572765985, -0.06085456005772135, -0.10612278974067478]","[-0.0330687512974091, 0.0412116601892734, -0.056586716996370655, -0.03314784002713044, 0.041220694504503566, -0.06102333172926341, 0.6008033320626162, 0.34870639073473486, 0.027605987558863437, 0.16614334900161581, 0.3308875255822654]","[-0.06956857261070608, 0.11128096499405596, -0.09911727421240894, -0.06969827126780274, 0.11130798224503456, -0.10812306932447201, 0.34870639073473486, 1.457603766425279, 0.06611931935102328, 0.3325512038913079, 0.9757006095623393]","[-0.04334255331696837, 0.01713579417913638, 0.006238374867197694, -0.043398012630968236, 0.01706153991231023, -0.0046736755572765985, 0.027605987558863437, 0.06611931935102328, 0.5947251899742801, 0.02808791961584569, 0.06632547061449602]","[-0.03659620682920741, 0.04047371026966176, -0.05637361643256087, -0.03667332778049213, 0.0404808351957169, -0.06085456005772135, 0.16614334900161581, 0.3325512038913079, 0.02808791961584569, 0.6017182796525202, 0.3483769754824774]","[-0.07718424271881252, 0.10805084106810502, -0.09707305117991692, -0.07730622646705693, 0.1080720473698243, -0.10612278974067478, 0.3308875255822654, 0.9757006095623393, 0.06632547061449602, 0.3483769754824774, 1.45014330473411]"
